title,UploadYear
The Gummy Bear Song - Long English Version,2007
Numb [Official Music Video] - Linkin Park,2007
Queen ‚Äì Bohemian Rhapsody (Official Video Remastered),2008
Katy Perry - Hot N Cold (Official),2008
Crazy Frog - Axel F (Official Video),2009
Guns N' Roses - November Rain,2009
Lady Gaga - Bad Romance (Official Music Video),2009
Nirvana - Smells Like Teen Spirit (Official Music Video),2009
Guns N' Roses - Sweet Child O' Mine (Official Music Video),2009
In The End [Official HD Music Video] - Linkin Park,2009
Taylor Swift - You Belong With Me,2009
50 Cent - In Da Club (Official Music Video),2009
Beyonc√© - Halo,2009
Eminem - Without Me (Official Music Video),2009
The Cranberries - Zombie (Official Music Video),2009
System Of A Down - Chop Suey! (Official Video),2009
Michael Jackson - Billie Jean (Official Video),2009
Bon Jovi - It's My Life (Official Music Video),2009
Nelly - Dilemma (Official Music Video) ft. Kelly Rowland,2009
Shakira - Waka Waka (This Time for Africa) (The Official 2010 FIFA World Cup‚Ñ¢ Song),2010
Justin Bieber - Baby (Official Music Video) ft. Ludacris,2010
Eminem - Love The Way You Lie ft. Rihanna,2010
Adele - Rolling in the Deep (Official Music Video),2010
Twinkle Twinkle Little Star,2010
Bruno Mars - Just The Way You Are (Official Music Video),2010
Eminem - Not Afraid (Official Video),2010
Katy Perry - Firework (Official Music Video),2010
a-ha - Take On Me (Official Video) [Remastered in 4K],2010
Don Omar - Danza Kuduro ft. Lucenzo,2010
Whitney Houston - I Will Always Love You (Official 4K Video),2010
"OFFICIAL Somewhere over the Rainbow - Israel ""IZ"" Kamakawiwo ªole",2010
Bruno Mars - Grenade (Official Music Video),2010
Justin Bieber - Never Say Never (Official Music Video) ft. Jaden Smith,2010
Bruno Mars - The Lazy Song (Official Music Video),2011 
"LMFAO ft. Lauren Bennett, GoonRock - Party Rock Anthem (Official Video)",2011
Christina Perri - A Thousand Years [Official Music Video],2011
Jennifer Lopez - On The Floor ft. Pitbull,2011
Adele - Someone Like You (Official Music Video),2011
Gotye - Somebody That I Used To Know (feat. Kimbra) [Official Music Video],2011
David Guetta - Titanium ft. Sia (Official Video),2011
Coldplay - Paradise (Official Video),2011
Katy Perry - Last Friday Night (T.G.I.F.) (Official Music Video),2011
Pollito Amarillito ORIGINAL - Gallina Pintadita 1 - Oficial - Canciones infantiles,2011
One Direction - What Makes You Beautiful (Official Video),2011
Mariposita ORIGINAL - Gallina Pintadita 2 - Oficial - Canciones infantiles para ni√±os y beb√©s,2011
Pitbull - Rain Over Me ft. Marc Anthony,2011
Michel Tel√≥ - Ai Se Eu Te Pego -  Video Oficial (Assim voc√™ me mata),2011
–ú–∞—à–∞ –∏ –ú–µ–¥–≤–µ–¥—å (Masha and The Bear) - –ú–∞—à–∞ –ø–ª—é—Å –∫–∞—à–∞ (17 –°–µ—Ä–∏—è),2012
PSY - GANGNAM STYLE(Í∞ïÎÇ®Ïä§ÌÉÄÏùº) M/V,2012
Passenger | Let Her Go (Official Video),2012
Rihanna - Diamonds,2012
MACKLEMORE & RYAN LEWIS - THRIFT SHOP FEAT. WANZ (OFFICIAL VIDEO),2012
PULCINO PIO - El Pollito Pio (Official video),2012
Masha and The Bear-24,2012
Carly Rae Jepsen - Call Me Maybe,2012
Imagine Dragons - Radioactive,2012
–ú–∞—à–∞ –∏ –ú–µ–¥–≤–µ–¥—å (Masha and The Bear) - –ë–æ–ª—å—à–∞—è —Å—Ç–∏—Ä–∫–∞ (18 –°–µ—Ä–∏—è),2012
Daddy Yankee - Limbo (Video Oficial),2012
Katy Perry - Roar (Official),2013
OneRepublic - Counting Stars (Official Music Video),2013
Avicii - Wake Me Up (Official Video),2013
MAGIC! - Rude (Official Video),2013
John Legend - All of Me (Official Video),2013
Romeo Santos - Propuesta Indecente (Official Video),2013
Martin Garrix - Animals (Official Video),2013
Ellie Goulding - Burn (Official Video),2013
PSY - GENTLEMAN M/V,2013
Pitbull - Timber ft. Ke$ha,2013
P!nk - Just Give Me A Reason ft. Nate Ruess,2013
Prince Royce - Darte un Beso,2013
Eminem - Rap God (Explicit),2013
Finger Family Collection - 7 Finger Family Songs - Daddy Finger Nursery Rhymes,2013
Arctic Monkeys - Do I Wanna Know? (Official Video),2013
Miley Cyrus - Wrecking Ball (Official Video),2013
Pharrell Williams - Happy (Official Music Video),2013
Naughty Boy - La la la ft. Sam Smith (Official Video),2013
"David Guetta - Play Hard ft. Ne-Yo, Akon (Official Video)",2013
Bruno Mars - When I Was Your Man (Official Music Video),2013
Marc Anthony - Vivir Mi Vida (Official Video),2013
Ylvis - The Fox (What Does The Fox Say?) [Official music video HD],2013
Mark Ronson - Uptown Funk (Official Video) ft. Bruno Mars,2014
Phonics Song with TWO Words - A For Apple - ABC Alphabet Songs with Sounds for Children,2014
Ed Sheeran - Thinking Out Loud (Official Music Video),2014
Katy Perry - Dark Horse (Official) ft. Juicy J,2014
Taylor Swift - Shake It Off,2014
"Enrique Iglesias - Bailando ft. Descemer Bueno, Gente De Zona (Espa√±ol)",2014
Taylor Swift - Blank Space,2014
FROZEN | Let It Go Sing-along | Official Disney UK,2014
Meghan Trainor - All About That Bass,2014
Sia - Chandelier (Official Video),2014
Wheels On The Bus | Nursery Rhymes for Babies | Learn with Little Baby Bum | ABCs and 123s,2014
Johny Johny Yes Papa and Many More Videos | Popular Nursery Rhymes Collection by ChuChu TV,2014
J. Balvin - Ay Vamos (Official Video),2014
"Jessie J, Ariana Grande, Nicki Minaj - Bang Bang (Official Video)",2014
Calvin Harris - Summer (Official Video),2014
Sam Smith - I'm Not The Only One (Official Video),2014
Ariana Grande ft. Iggy Azalea - Problem (Official Video),2014
AronChupa - I'm an Albatraoz | OFFICIAL VIDEO,2014
La Vaca Lola - Canciones de La Granja de Zen√≥n 2,2014
Shakira - La La La (Brazil 2014) ft. Carlinhos Brown,2014
ABC SONG | ABC Songs for Children - 13 Alphabet Songs & 26 Videos,2014
Shakira - Can't Remember to Forget You (Official Video) ft. Rihanna,2014
Ariana Grande - Break Free ft. Zedd,2014
J Balvin - 6 AM ft. Farruko (Official Video),2014
Enrique Iglesias - El Perdedor (Pop) ft. Marco Antonio Sol√≠s,2014
"Chris Brown - Loyal (Official Video) ft. Lil Wayne, Tyga",2014
Sam Smith - Stay With Me (Official Video),2014
"DJ Snake, Lil Jon - Turn Down for What",2014
Travesuras - Nicky Jam | Video Oficial,2014
Iggy Azalea - Fancy ft. Charli XCX (Official Music Video),2014
Five Little Ducks | Learn with Little Baby Bum | Nursery Rhymes for Babies | ABCs and 123s,2014
Nicki Minaj - Anaconda,2014
Wiz Khalifa - See You Again ft. Charlie Puth [Official Video] Furious 7 Soundtrack,2015
Maroon 5 - Sugar (Official Music Video),2015
Justin Bieber - Sorry (PURPOSE : The Movement),2015
Alan Walker - Faded,2015
Major Lazer & DJ Snake - Lean On (feat. M√ò) (Official Music Video),2015
Adele - Hello,2015
twenty one pilots: Stressed Out [OFFICIAL VIDEO],2015
Ellie Goulding - Love Me Like You Do (Official Video),2015
Justin Bieber - What Do You Mean? (Official Music Video),2015
Fifth Harmony - Worth It (Official Video) ft. Kid Ink,2015
Silent√≥ - Watch Me (Whip/Nae Nae) (Official),2015
Drake - Hotline Bling,2015
The Weeknd - The Hills (Official Video),2015
Justin Bieber - Love Yourself (Official Music Video),2015
"David Guetta - Hey Mama (Official Video) ft Nicki Minaj, Bebe Rexha & Afrojack",2015
Calvin Harris & Disciples - How Deep Is Your Love,2015
Taylor Swift - Bad Blood ft. Kendrick Lamar,2015
Surprise Eggs Nursery Rhymes | Old MacDonald Had A Farm | Learn Colours & Farm Animals | ChuChu TV,2015
Shawn Mendes - Stitches (Official Video),2015
Gente de Zona - La Gozadera (Official Video) ft. Marc Anthony,2015
21. El Perd√≥n - Nicky Jam y Enrique Iglesias  [Official Music Video YTMAs],2015
Joey Montana - Picky,2015
Ricky Martin - La Mordidita (Official Video) ft. Yotuel,2015
Coldplay - Adventure Of A Lifetime (Official Video),2015
The Weeknd - Can't Feel My Face (Official Video),2015
"Skrillex and Diplo - ""Where Are √ú Now"" with Justin Bieber (Official Video)",2015
Sia - Elastic Heart feat. Shia LaBeouf & Maddie Ziegler (Official Video),2015
twenty one pilots - Ride (Official Video),2015
Lukas Graham - 7 Years [Official Music Video],2015
Ed Sheeran - Photograph (Official Music Video),2015
OMI - Cheerleader (Felix Jaehn Remix) [Official Video],2015
GIANT Lightning McQueen Egg Surprise with 100+ Disney Cars Toys,2015
The Finger Family Song | ChuChu TV Nursery Rhymes & Songs For Children,2015
Chino & Nacho - Me Voy Enamorando ft. Farruko (Remix) (Official Music Video),2015
Maluma - Borro Cassette (Official Video),2015
Baby Shark Dance | #babyshark Most Viewed Video | Animal Songs | PINKFONG Songs for Children,2016
Johny Johny Yes Papa üë∂ THE BEST Song for Children | LooLoo Kids,2016
The Chainsmokers - Closer (Lyric) ft. Halsey,2016
Charlie Puth - We Don't Talk Anymore (feat. Selena Gomez) [Official Video],2016
Shakira - Chantaje (Official Video) ft. Maluma,2016
Clean Bandit - Rockabye (feat. Sean Paul & Anne-Marie) [Official Video],2016
Calvin Harris - This Is What You Came For (Official Video) ft. Rihanna,2016
Fifth Harmony - Work from Home (Official Video) ft. Ty Dolla $ign,2016
Shawn Mendes - Treat You Better,2016
Marshmello - Alone (Official Music Video),2016
HUGE EGGS Surprise Toys Challenge with Inflatable water slide,2016
LA VACA LOLA canciones infantiles,2016
This Is The Way | Kids Songs | Super Simple Songs,2016
Ariana Grande ft. Nicki Minaj - Side To Side (Official Video) ft. Nicki Minaj,2016
The Weeknd - Starboy ft. Daft Punk (Official Video),2016
The Chainsmokers - Don't Let Me Down (Official Video) ft. Daya,2016
Ricky Martin - Vente Pa' Ca (Official Video) ft. Maluma,2016
twenty one pilots: Heathens (from Suicide Squad: The Album) [OFFICIAL VIDEO],2016
CNCO - Reggaet√≥n Lento (Bailemos),2016
Sia - Cheap Thrills (Lyric Video) ft. Sean Paul,2016
Chino y Nacho - Andas En Mi Cabeza ft. Daddy Yankee (Video Oficial),2016
Daddy Yankee - Shaky Shaky (Video Oficial),2016
Danny Ocean -  Me Reh√∫so (Official Audio),2016
Coldplay - Hymn For The Weekend (Official Video),2016
22. Hasta el Amanecer - Nicky Jam | Video Oficial,2016
"Carlos Vives, Shakira - La Bicicleta",2016
"CAN'T STOP THE FEELING! (From DreamWorks Animation's ""Trolls"") (Official Video)",2016
Bruno Mars - 24K Magic (Official Music Video),2016
Mike Posner - I Took A Pill In Ibiza (Seeb Remix) (Explicit),2016
Rag'n'Bone Man - Human (Official Video),2016
Hindi : Nani Teri Morni Ko Mor Le Gaye (‡§®‡§æ‡§®‡•Ä ‡§§‡•á‡§∞‡•Ä ‡§Æ‡•ã‡§∞‡§®‡•Ä),2016
Maluma - El Perdedor (Official Video),2016
Rihanna - Work (Explicit) ft. Drake,2016
Alan Walker - Alone,2016
MC Kevinho - Olha a Explos√£o (KondZilla) | Official Music Video,2016
Arcangel x Bad Bunny X Dj Luian X Mambo Kingz - Tu No Vive Asi [Video oficial],2016
Migos - Bad and Boujee ft Lil Uzi Vert [Official Video],2016
Zion & Lennox ft. J Balvin - Otra Vez (Video Oficial),2016
ZAYN - PILLOWTALK (Official Music Video),2016
La canci√≥n del ba√±o | Canciones infantiles | LittleBabyBum,2016
Maluma - Sin Contrato (Official Video),2016
Enrique Iglesias - DUELE EL CORAZON ft. Wisin,2016
Major Lazer - Cold Water (feat. Justin Bieber & M√ò) (Official Lyric Video),2016
Luis Fonsi - Despacito ft. Daddy Yankee,2017
Ed Sheeran - Shape of You (Official Music Video),2017
"J Balvin, Willy William - Mi Gente (Official Video)",2017
Ed Sheeran - Perfect (Official Music Video),2017
Dua Lipa - New Rules (Official Music Video),2017
Natti Natasha ‚ùå Ozuna - Criminal [Official Video],2017
"Luis Fonsi, Demi Lovato - √âchame La Culpa (Video Oficial)",2017
Hush a Bye Baby | Lullaby for Babies | Infobells,2017
"Becky G, Bad Bunny - Mayores (Official Video)",2017
The Chainsmokers & Coldplay - Something Just Like This (Lyric),2017
Imagine Dragons - Believer,2017
Bruno Mars - That‚Äôs What I Like (Official Music Video),2017
UPA CAVALINHO - Galinha Pintadinha 4 - OFICIAL,2017
Camila Cabello - Havana (Audio) ft. Young Thug,2017
Talking Angela - Summer Fun at the Beach with Talking Tom (Shorts Combo),2017
Maluma - Felices los 4 (Official Video),2017
Imagine Dragons - Thunder,2017
ZAYN - Dusk Till Dawn (Official Video) ft. Sia,2017
MC Fioti - Bum Bum Tam Tam (KondZilla) | Official Music Video,2017
Jason Derulo - Swalla (feat. Nicki Minaj & Ty Dolla $ign) [Official Music Video],2017
"DJ Khaled - I'm The One ft. Justin Bieber, Quavo, Chance the Rapper, Lil Wayne",2017
Maluma - Coraz√≥n (Official Video) ft. Nego do Borel,2017
Una Lady Como T√∫ - MTZ Manuel Turizo | Video Oficial,2017
Ozuna - Se Prepar√≥ (Video Oficial) | Odisea,2017
"Carlos Vives, Sebasti√°n Yatra - Robarte un Beso (Official Video)",2017
Wisin - Esc√°pate Conmigo (Official Video) ft. Ozuna,2017
Post Malone - Congratulations ft. Quavo,2017
El Amante - Nicky Jam (Video Oficial)  (√Ålbum F√©nix),2017
"""No No"" Bedtime Song | CoComelon Nursery Rhymes & Kids Songs",2017
"Enrique Iglesias - SUBEME LA RADIO (Official Video) ft. Descemer Bueno, Zion & Lennox",2017
Johny Johny Yes Papa Nursery Rhyme |  Part 3 -  3D Animation Rhymes & Songs for Children,2017
Sam Smith - Too Good At Goodbyes (Official Video),2017
"Chris Jeday - Ahora Dice (Official Video) ft. J. Balvin, Ozuna, Arc√°ngel",2017
Charlie Puth - Attention [Official Video],2017
Taylor Swift - Look What You Made Me Do,2017
French Montana - Unforgettable ft. Swae Lee,2017
Katy Perry - Bon App√©tit (Official) ft. Migos,2017
Christian Nodal - Adi√≥s Amor (Video Oficial),2017
Clean Bandit - Symphony (feat. Zara Larsson) [Official Video],2017
"DJ Khaled - Wild Thoughts (Official Video) ft. Rihanna, Bryson Tiller",2017
Shawn Mendes - There's Nothing Holdin' Me Back,2017
Bath Song | CoComelon Nursery Rhymes & Kids Songs,2018
–£—á–∏–º —Ü–≤–µ—Ç–∞-–†–∞–∑–Ω–æ—Ü–≤–µ—Ç–Ω—ã–µ —è–π—Ü–∞ –Ω–∞ —Ñ–µ—Ä–º–µ Miroshka Tv,2018
El Chombo - Dame Tu Cosita feat. Cutty Ranks (Official Video) [Ultra Music],2018
Wheels on the Bus | CoComelon Nursery Rhymes & Kids Songs,2018
Maroon 5 - Girls Like You ft. Cardi B (Official Music Video),2018
"Casper, Nio Garc√≠a, Darell, Nicky Jam, Bad Bunny, Ozuna - Te Bote Remix (Video Oficial)",2018
"DJ Snake - Taki Taki ft. Selena Gomez, Ozuna, Cardi B (Official Music Video)",2018
Nicky Jam x J. Balvin - X (EQUIS) | Video Oficial | Prod. Afro Bros & Jeon,2018
"Becky G, Natti Natasha - Sin Pijama (Official Video)",2018
Daddy Yankee - Dura (Video Oficial),2018
BLACKPINK - ‚ÄòÎöúÎëêÎöúÎëê (DDU-DU DDU-DU)‚Äô M/V,2018
Ozuna x Romeo Santos - El Farsante (Remix) (Video Oficial),2018
"Cardi B, Bad Bunny & J Balvin - I Like It [Official Music Video]",2018
Drake - God's Plan,2018
"Thalia, Natti Natasha - No Me Acuerdo (Official Video)",2018
Diana and her Barbie car - Camping adventure,2018
Tyga - Taste (Official Video) ft. Offset,2018
XXXTENTACION - SAD!,2018
Ariana Grande - no tears left to cry (Official Video),2018
Vaina Loca - Ozuna x Manuel Turizo (Video Oficial),2018
TONES AND I - DANCE MONKEY (OFFICIAL VIDEO),2019
Diana - LIKE IT - Kids Song (Official Video),2019
Future - Life Is Good (Official Music Video) ft. Drake,2020
